,Taylor Swift,Justin Bieber,Selena Gomez,Rihanna,Billie Eilish,Alicia Keys,Ed Sheeran
20200101,17556,24542,13270,13210,46197,7419,12034
20200102,17094,18261,14797,12060,40530,4885,10533
20200103,15889,28834,14452,11928,40309,4573,9714
20200104,16336,27926,15666,11080,39854,4727,10129
20200105,14858,28049,14368,12382,36665,4933,10376
20200106,26501,19452,14426,11289,33806,4723,8938
20200107,17015,17764,14603,10890,33490,6019,8842
20200108,13904,18532,15698,9975,32448,4231,7680
20200109,14341,30895,19937,9767,35530,6034,8172
20200110,13440,24048,36441,10131,41100,6383,8804
20200111,14647,27852,32540,11222,52661,6856,9153
20200112,15994,27846,29137,10642,43750,9500,9106
20200113,13356,22168,28846,10082,32303,6038,7635
20200114,15983,19568,38871,9449,79592,6455,7853
20200115,12775,17315,28838,9539,74539,6771,7709
20200116,12925,17208,21734,9639,46353,5772,7764
20200117,11896,18176,22527,11222,57265,6001,9950
20200118,13420,17993,22343,19373,42591,6343,10723
20200119,13951,17235,20105,15888,46804,10778,9809
20200120,12638,16018,16964,12055,39995,6410,8899
20200121,18661,14429,15300,11390,34479,8814,8463
20200122,22141,14211,15769,11627,32242,9672,8158
20200123,18240,15130,13593,10934,37860,8394,8462
20200124,23387,17109,16086,9731,54653,9187,8798
20200125,21953,17994,21124,10638,71078,16333,9801
20200126,18349,15973,19162,11277,64124,15155,8463
20200127,21357,21170,19456,11098,1053999,222325,8609
20200128,16451,58716,18052,9922,436842,32867,8070
20200129,13874,50750,17029,11837,233012,27708,7803
20200130,13192,33444,14538,11347,183163,20870,8011
20200131,47176,26253,13539,11795,139914,12920,7706
20200201,105681,22475,14444,10521,116837,12074,9172
20200202,110116,21866,16377,14234,117134,11394,9306
20200203,68271,18841,14655,12863,82156,10080,8057
20200204,59428,21608,13213,11097,95756,10323,7489
20200205,49322,20678,13032,10828,79745,9655,7741
20200206,43290,20270,12759,10352,64801,9533,7293
20200207,41176,25568,13002,9751,55862,22829,9294
20200208,45735,25194,12593,10582,56965,19200,8714
20200209,45081,47008,13072,10700,71387,14583,9002
20200210,29314,31258,10311,9599,233329,10319,8053
20200211,25031,32062,10707,10010,100629,9273,7441
20200212,23226,30433,10222,9936,67307,7275,7525
20200213,22956,28065,10677,10339,59930,6986,7310
20200214,22504,48272,10507,9815,161705,7694,8468
20200215,28003,46645,11882,9689,103902,8300,9050
20200216,28032,40161,12443,10501,91337,7441,9265
20200217,23531,36114,12534,9363,73138,6660,11416
20200218,25149,34376,11109,9488,183774,6638,9017
20200219,19332,48820,11928,10600,123426,5732,8343
20200220,17201,47030,12843,25825,85353,5676,7760
20200221,17368,44397,14613,18733,73941,7829,7662
20200222,21091,44432,13855,11742,74003,6363,8397
20200223,21334,39573,13113,15798,62253,6717,8375
20200224,17608,34372,11977,12625,52273,13807,7652
20200225,15927,25686,11226,10933,66326,11664,8014
20200226,15442,22771,10564,10156,88798,6649,8913
20200227,19965,23611,10593,9964,54404,6443,8016
20200228,22156,21484,11544,9581,44035,5937,7220
20200229,20448,29186,11416,10458,41793,6981,8770
20200301,20410,35367,11324,9751,41085,5728,10535
20200302,17310,24848,9926,9352,36157,5308,7204
20200303,17122,23712,10423,9594,33390,4418,7094
20200304,14881,24005,9688,9169,31424,4443,7064
20200305,17191,21951,10249,10903,29262,4789,6954
20200306,17990,27527,11615,9775,29586,4825,7172
20200307,17411,26218,12659,9386,31656,5291,7722
20200308,17428,20023,13412,10216,32161,5635,13726
20200309,13828,16572,16161,9262,30795,5044,8470
20200310,12200,15172,11936,9078,58437,5986,6984
20200311,11763,13880,10157,8553,65302,5108,6689
20200312,11719,12978,9428,7820,43219,4533,6753
20200313,11785,12807,9962,8077,35670,6324,7525
20200314,15076,13873,9904,9113,33056,5811,10169
20200315,14779,13153,12579,10580,30829,5649,10277
20200316,11748,11616,9408,8922,25393,4742,7499
20200317,11811,12011,8834,8608,26918,4884,7396
20200318,12558,13507,12786,8453,24636,4645,7304
20200319,11852,13036,9424,8768,23607,5435,7544
20200320,11345,13306,9854,8575,24319,5546,8085
20200321,21669,13971,11464,12489,26010,5520,9121
20200322,20678,13135,11027,12805,26366,28941,9274
20200323,15262,13391,9880,10619,26526,8813,8858
20200324,19379,14190,12787,9760,28764,5912,7934
20200325,16028,13062,11483,9502,26141,8083,8256
20200326,14312,17732,12446,10549,26328,11677,7885
20200327,14723,14859,12133,15111,26945,11371,7908
20200328,15743,14346,12098,13160,29519,9230,8574
20200329,15857,15614,13254,16009,35206,11428,9211
20200330,14143,14425,12309,17418,70744,26211,7927
20200331,13080,14968,13690,17959,50784,10341,8148
20200401,13127,14645,13171,13616,29619,8368,8128
20200402,13919,15787,12440,12489,27319,8618,8485
20200403,13859,14764,12973,12084,27183,18287,9257
20200404,15019,15031,18371,12700,26666,12505,9589
20200405,15691,19394,14837,12438,29267,14816,10396
20200406,13003,15041,13592,11669,25589,11463,9047
20200407,14130,16529,13289,11245,26789,12405,7915
20200408,14015,14956,12514,11681,24126,9699,7771
20200409,14085,14610,17375,11939,25375,9330,9301
20200410,14631,16096,18946,16781,28692,9828,10442
20200411,16168,16197,19390,16479,50993,8625,10246
20200412,15183,15992,16253,15645,41115,8520,13438
20200413,14633,15593,17103,14183,36039,7426,11398
20200414,14208,14863,16490,12808,28291,8347,10607
20200415,13403,14234,15826,12184,25464,7050,9357
20200416,13019,15801,14017,12190,24186,7097,8554
20200417,15958,17150,14878,13146,25783,7834,9165
20200418,18070,15481,15051,13276,36281,11003,12626
20200419,63891,16164,13135,12952,136706,20793,12716
20200420,21295,15054,11560,12450,43656,8463,10903
20200421,17401,16203,11875,13150,32725,12872,10245
20200422,16100,14993,13505,12473,30469,16411,10012
20200423,17058,14764,12078,12628,33624,18430,9464
20200424,18443,13605,12502,12249,26174,45679,9888
20200425,18535,15247,13552,12892,26065,12100,10693
20200426,17615,15968,14080,12883,25286,11797,10720
20200427,16110,22319,12923,12143,26018,7363,8561
20200428,15798,25530,12361,11783,24572,7250,9146
20200429,15719,20046,15539,11297,25179,7711,9187
20200430,16888,15112,13131,13093,27022,6806,9446
20200501,16824,15528,13035,14349,24717,13755,10062
20200502,17818,26606,14460,16240,23364,7418,10696
20200503,16530,19170,14667,14397,25113,7753,10573
20200504,14576,22665,13588,12250,26503,6718,9192
20200505,14780,25365,13798,13063,25356,6245,9522
20200506,14372,20511,12660,12217,22879,6305,9258
20200507,13619,15426,11201,12053,21752,17778,9795
20200508,14624,20444,14132,12655,22966,9907,9249
20200509,14602,19504,17026,14017,22051,9258,10091
20200510,14791,18069,14278,12242,20890,8757,10031
20200511,15075,20158,14759,12118,22906,8510,8584
20200512,14193,17109,12149,12748,26021,7286,8342
20200513,13699,14872,11986,25768,21784,6117,8962
20200514,14264,15945,10819,15379,20745,9161,8739
20200515,14461,21168,11068,14085,20319,9477,10168
20200516,15712,22854,11602,16480,20279,7726,10104
20200517,16399,21203,11868,15716,20124,11805,9673
20200518,72495,19433,12291,12833,19905,6961,8798
20200519,24590,20811,11873,11842,21834,6337,8848
20200520,18627,21252,12217,11204,21583,8468,9387
20200521,17084,22443,11608,11988,21916,6370,9668
20200522,16053,17855,11731,12142,21833,6390,9292
20200523,16458,20320,12208,13041,21533,6088,10264
20200524,16026,18282,12318,14534,21084,6235,9668
20200525,18096,16039,11997,14215,21160,5556,15929
20200526,16558,15499,11439,12307,22053,6341,8004
20200527,14360,17338,10839,12247,33716,5109,8295
20200528,13769,15597,10863,12370,41159,5504,8728
20200529,17107,14754,11237,13406,26586,5319,8203
20200530,20969,13472,10390,12943,28205,5534,8373
20200531,16417,12988,10236,11825,39033,10426,8025
20200601,13322,12620,9431,10755,26816,5624,7186
20200602,12545,12112,9418,11346,22355,4716,6614
20200603,12034,11926,9627,10756,22026,5779,7377
20200604,12025,12084,9389,10967,21351,5544,7459
20200605,12397,12041,10513,11401,29352,5897,7787
20200606,12870,13229,11700,12412,34809,6380,8339
20200607,15194,14097,13113,13669,24935,6952,8896
20200608,13748,13340,11841,11221,22013,5950,7569
20200609,12070,12735,11094,10944,20366,5119,6949
20200610,12528,12630,11287,10854,19944,5698,6992
20200611,12899,11929,11089,10918,19975,5953,7271
20200612,13783,12115,10430,11430,19500,6630,8076
20200613,18730,12646,11361,11167,18635,6475,8253
20200614,16285,12284,11045,11416,19913,6054,8745
20200615,13182,11999,10013,10502,18635,7909,7861
20200616,13297,11739,9973,10662,18498,11451,6884
20200617,12851,12117,10020,10132,18916,8645,6855
20200618,12077,12116,9915,10148,19245,6472,7171
20200619,12776,11671,10298,10967,22070,11560,7236
20200620,12649,12177,11548,11569,19457,17805,7635
20200621,15123,18333,10853,11810,19151,9081,7347
20200622,12807,40971,13586,11164,18010,13210,6947
20200623,12748,18760,11070,11204,17264,11713,6956
20200624,11136,14657,10242,11204,23012,11276,6841
20200625,11684,12740,9549,10338,22218,9919,6549
20200626,11942,14641,10931,12012,26161,9172,7206
20200627,12906,15937,11873,12174,24932,9236,8449
20200628,13617,17133,12295,11765,22261,9183,22882
20200629,13049,13430,10596,10860,20688,14174,10608
20200630,11629,13204,10451,10683,18746,10096,7415
20200701,11362,11833,9745,11047,17849,11170,7440
20200702,11630,11993,9620,10704,19504,10177,7512
20200703,11342,11720,9875,10249,20018,10206,7584
20200704,11321,12412,9785,11628,18120,8536,8383
20200705,13982,11950,10127,12202,18993,9509,7106
20200706,12283,11780,10416,10348,19840,10781,6559
20200707,11189,10837,9445,10762,18637,9473,6510
20200708,11845,11552,9510,10477,21016,7352,6588
20200709,12138,14443,10386,11355,20973,6349,7824
20200710,11505,12459,9976,10880,19026,6062,7492
20200711,12366,12685,11029,11026,18709,7415,7175
20200712,11853,12362,10832,11643,19347,7572,7327
20200713,11391,12675,10795,10581,18535,6232,6714
20200714,11579,12582,10942,12670,17722,5759,6943
20200715,11036,16479,10928,12458,18780,7653,6631
20200716,11141,14278,11113,11404,20522,6389,6729
20200717,12183,13852,10849,11862,20017,5878,7050
20200718,11472,13809,11379,12876,20095,6370,7666
20200719,11852,16390,11281,12943,19846,6284,7760
20200720,11393,13095,10778,13659,19604,5332,7080
20200721,11263,12946,11458,12662,20155,4937,6529
20200722,11477,13716,26348,12036,19619,5364,6506
20200723,69592,14200,21307,12013,18749,5611,7140
20200724,174737,15051,14091,11658,19926,5317,7721
20200725,90847,15542,12198,12455,21758,5583,8128
20200726,66333,15573,11718,12061,20917,5527,7566
20200727,56391,15198,11441,11755,19008,4857,10895
20200728,44357,17863,12254,13280,18310,4962,8776
20200729,38517,16787,10403,12479,20078,5170,8660
20200730,37687,13906,10662,14592,21573,4831,8583
20200731,35376,13860,9688,14612,30959,4835,7550
20200801,32275,12681,9269,13022,26929,6358,7822
20200802,30913,12865,9527,13009,25087,9489,7538
20200803,35252,12323,9898,11469,26633,6936,7065
20200804,30250,12150,9941,12697,23501,7567,6406
20200805,25150,11571,10730,12900,21519,6995,6922
20200806,23926,13602,11472,18906,20833,7797,6028
20200807,23544,12994,10680,14688,20488,7489,6622
20200808,23291,14591,11176,14280,20358,7454,7112
20200809,22909,13898,12061,14414,20985,6925,8006
20200810,21703,12898,14676,13022,20878,6464,6817
20200811,20528,13713,11911,13195,19051,5725,7489
20200812,21342,12163,13587,11352,19389,5797,15810
20200813,19853,12169,12254,11437,20501,5520,13186
20200814,18351,11990,12290,11881,21759,7528,10285
20200815,20739,13399,12255,13631,21315,6477,10282
20200816,25285,14250,12146,13444,21236,6916,8954
20200817,20935,14186,11557,12610,20658,6426,9317
20200818,19657,12938,11149,12126,20452,8480,7500
20200819,17945,12647,10250,11079,24796,6004,7560
20200820,17898,12864,11587,10699,163034,9651,6699
20200821,24686,12317,12867,11145,45789,5890,7008
20200822,20128,11994,12562,11786,28852,5626,7575
20200823,18872,12992,11903,11060,28449,5345,7416
20200824,18032,16270,12347,10347,22822,4890,6454
20200825,17234,14085,11774,10153,22120,4421,6467
20200826,16196,12298,12612,12227,23835,4367,6451
20200827,16409,11931,15630,14692,25231,5798,6485
20200828,16612,12571,23894,12261,24801,8520,6595
20200829,16495,13109,20109,11862,23656,6289,7477
20200830,16622,12794,18372,11470,29545,5594,8362
20200831,18876,13391,16140,11248,22499,5138,6829
20200901,15541,13260,14308,15392,21333,5452,50795
20200902,15420,11460,13987,12758,22148,5274,24901
20200903,15619,11657,18173,13014,26309,4812,12161
20200904,14319,18438,19313,11821,23312,4705,10327
20200905,15936,20892,17061,13488,22081,4700,9633
20200906,14933,17347,21671,14897,21145,5382,9072
20200907,16043,17543,24791,13141,20744,5998,8993
20200908,14928,15821,21516,10675,20911,6468,7733
20200909,13823,14680,21429,10635,19966,4537,7343
20200910,13535,15084,21638,11439,19429,15666,6912
20200911,13266,14211,18468,10976,19358,9457,8240
20200912,13978,15740,16250,11168,18784,5906,8387
20200913,15460,15486,16638,12018,18780,9588,8117
20200914,15292,14862,14108,12346,18436,8091,6875
20200915,13711,14772,13583,10870,18125,7633,6581
20200916,55027,14270,13511,12436,19985,6598,6780
20200917,39013,14738,13802,11733,20462,16562,6893
20200918,17606,22383,12918,11643,20588,27089,6932
20200919,15845,20116,13273,11384,18901,17751,7321
20200920,14902,18147,14008,11945,18761,13803,7299
20200921,12970,14946,12548,10325,18216,12448,6243
20200922,13533,15506,11865,10352,18083,18920,6665
20200923,13157,14356,12722,10514,18319,13909,7255
20200924,13264,15216,16893,10398,17208,21443,6939
20200925,12722,14922,22255,10496,17949,12937,6829
20200926,13709,14260,15730,12779,17235,9487,7771
20200927,14147,13255,13785,11854,23845,8293,6771
20200928,15904,12092,13723,11458,20000,8801,6215
20200929,15796,12601,13380,10848,19126,7367,6024
20200930,13212,13442,12039,9779,18001,6329,5826
20201001,12915,14889,11435,11257,22320,8251,5943
20201002,12355,13906,11669,14327,24749,7110,6424
20201003,13584,13020,11474,15468,25813,7599,6970
20201004,17306,14424,11944,13739,29201,8164,7514
20201005,14393,13475,10945,14688,27741,6958,6288
20201006,13044,12900,10860,16643,28467,7056,6473
20201007,14565,13658,11859,15479,21166,6820,7370
20201008,17189,12668,10936,11497,18345,6716,7904
20201009,13838,12698,11855,11512,19112,6802,9167
20201010,14068,13646,12150,12115,20563,7167,8640
20201011,15267,14473,14128,11430,19808,6884,7704
20201012,13956,13573,12314,12096,20324,6622,7171
20201013,13216,12488,11038,11142,34573,5636,6495
20201014,12824,11891,10418,10692,48739,6426,6755
20201015,14744,12635,12224,10577,76710,14633,8011
20201016,13557,18826,10911,11235,49824,7085,7134
20201017,14070,18233,10348,12042,37924,6891,7648
20201018,14802,55557,11964,12729,35677,6551,7749
20201019,13490,34433,12170,10409,28809,5789,6914
20201020,13400,21699,10823,9860,28244,5796,6659
20201021,13424,18545,10530,10242,22360,6086,7056
20201022,13959,16286,11024,10568,21303,5371,8084
20201023,13323,15957,11236,11230,20688,8214,6682
20201024,14421,16896,16698,11376,22361,6403,7045
20201025,14565,16456,23483,11503,23418,5686,7426
20201026,15323,14775,15829,11087,22091,4835,7889
20201027,15125,14911,13326,10474,21934,4903,7155
20201028,13325,14035,11931,10512,20298,4885,7785
20201029,13400,14582,11915,9831,25489,6122,6594
20201030,13734,15253,12406,10216,25968,6524,6164
20201031,13935,15688,12044,10180,22643,5484,6313
20201101,14380,15375,11780,10795,21759,5276,6314
20201102,14825,16585,11502,10005,19788,4936,6687
20201103,15179,16574,14668,9510,19008,5024,6383
20201104,12913,13564,10721,8672,15939,3975,5380
20201105,12627,14895,10527,9441,21234,4487,6057
20201106,13196,16010,10462,9473,24873,4537,6156
20201107,12723,15692,11159,10038,21848,16593,7218
20201108,13014,15954,13640,10578,19898,15231,6434
20201109,12917,15677,12251,10514,19573,8205,7295
20201110,14044,14984,10843,9968,19585,5715,7498
20201111,13105,15101,12135,10744,21155,5703,6855
20201112,13550,28255,13156,10746,27929,5073,7691
20201113,15245,16725,12486,10971,36237,5362,7412
20201114,17332,16451,12573,11706,38735,7265,7712
20201115,15909,17367,13166,12312,32965,6229,8377
20201116,16197,20932,12472,10768,38709,4824,7488
20201117,34381,19885,12615,11299,31782,5625,6929
20201118,19567,18660,15440,10690,28845,4912,7771
20201119,15464,17883,13280,10966,27978,5417,6630
20201120,15145,24582,13224,10750,27371,5108,7821
20201121,14669,24494,13516,12008,28221,5507,7806
20201122,15601,24991,13083,12508,26661,5364,7638
20201123,25248,48354,13585,11508,42548,4786,7245
20201124,24431,30226,12198,10823,30110,5138,7059
20201125,37223,25983,11873,10797,36586,6926,6862
20201126,32705,21097,11864,10341,27843,7036,7085
20201127,23641,18297,11353,11152,26558,7743,7004
20201128,23384,19130,13443,11537,26589,6138,7547
20201129,22323,24312,16978,11339,24704,6613,7687
20201130,18409,18965,15162,10341,31385,6448,7193
20201201,16639,24512,15161,21228,49680,6248,6677
20201202,19453,24749,16155,22207,45821,6051,6930
20201203,20456,19172,17799,16369,38837,6286,7020
20201204,19065,20726,20793,14616,34832,5850,7084
20201205,18903,20577,25345,14569,50805,5556,7306
20201206,17685,18238,23289,13751,31500,5928,7083
20201207,52178,16380,17884,11858,27660,4773,6922
20201208,16512,15901,13750,11635,24357,4332,6904
20201209,18157,15967,13765,12395,25973,4847,6494
20201210,83038,17644,13047,11526,27185,5522,6861
20201211,135376,15679,12933,10996,25956,4908,7715
20201212,78733,16722,14547,10861,26786,4875,7466
20201213,71832,16613,13893,12187,27587,5170,8417
20201214,52890,16094,11972,10836,29256,4816,7195
20201215,47542,15330,11561,11100,29486,4267,6700
20201216,40082,14462,11211,10729,34882,4370,7584
20201217,36607,14585,12444,11318,33595,4650,7402
20201218,30708,15820,11709,12249,53842,5080,6864
20201219,27216,14774,11098,13794,44050,4814,7476
20201220,27902,16133,13751,13705,30241,4823,9844
20201221,28323,16681,14520,12337,26021,4387,16359
20201222,27375,16154,13852,12157,27508,4339,11868
20201223,23208,16278,11866,12025,27352,4816,8527
20201224,21585,16426,11018,11217,24271,4637,8015
20201225,19971,17641,10838,12293,23346,4594,7912
20201226,24718,17317,11936,13565,22264,4612,9238
20201227,24011,16488,12985,15306,23888,5630,10924
20201228,22916,18349,13123,13312,22645,5322,9204
20201229,22215,19149,12528,13410,27200,6343,9020
20201230,20463,18154,12677,15079,39960,6114,8145
20201231,20212,17195,12316,14554,28108,86701,12964
20210101,23450,27991,12941,16169,26062,103738,12212
20210102,23701,27942,14317,16077,24187,9342,9875
20210103,21699,22374,14266,16134,22630,11050,9680
20210104,19572,21977,12826,15624,21162,6866,8049
20210105,18989,18249,11801,13042,20280,5944,8122
20210106,19209,16507,12366,11739,20127,5016,7342
20210107,17986,14861,13248,11414,17531,4485,7036
20210108,19114,16124,13089,11516,19746,6100,7866
20210109,19254,17519,13329,12444,20904,6023,8701
20210110,20011,18166,14670,12333,21893,5931,8841
20210111,19895,18104,13657,11020,19069,4826,7743
20210112,18311,17625,14183,11109,18932,4689,7956
20210113,18320,17059,12951,12136,19664,4551,8049
20210114,17165,15381,16290,12498,18572,4507,8405
20210115,18053,15197,41481,12075,21226,4774,8363
20210116,18586,15065,28809,16357,19555,5411,9427
20210117,18049,14666,22328,13428,20757,5595,8478
20210118,16455,13729,18655,12281,19203,4825,7514
20210119,15579,13239,14541,11244,20281,7297,7062
20210120,16452,12508,14037,12191,18056,4975,6629
20210121,16473,13089,15680,12035,19673,4511,6692
20210122,19425,13316,16090,12054,22571,4973,7062
20210123,16838,16851,17096,12078,25455,5621,9343
20210124,16782,20221,19145,12783,21723,6122,8601
20210125,15463,15097,16714,13260,23141,22485,7431
20210126,14968,13916,15350,12157,27856,18760,7652
20210127,16229,14418,17212,11002,24992,6689,7253
20210128,15695,13630,16360,12237,23217,5629,6793
20210129,16139,14169,22431,13160,20575,6063,7622
20210130,17189,14792,21678,12676,23867,7439,8586
20210131,16438,14488,22364,12650,21985,6484,8302
20210201,17376,13350,16954,11228,18734,5794,6847
20210202,15693,13483,14944,26684,19965,4921,6863
20210203,15758,13161,14612,116422,21542,5175,6998
20210204,17725,13324,14580,104875,20595,5095,7068
20210205,16890,14083,15837,69198,20499,5532,7598
20210206,15557,14491,16820,48491,22576,6264,9773
20210207,16126,13749,17587,32284,19732,15470,8569
20210208,14795,14740,31769,25491,21741,11748,7142
20210209,14797,12726,16115,19339,19180,5329,7995
20210210,14268,12514,13902,18726,18518,5238,6765
20210211,45923,13144,13310,17052,18914,4893,7160
20210212,66703,13020,13048,15086,18426,4948,7608
20210213,39852,13313,13222,16105,20388,5992,8275
20210214,34863,13489,13520,15019,18798,5380,8985
20210215,27453,14292,13113,15511,21668,5095,8141
20210216,22488,12623,11304,24516,23205,4664,7888
20210217,21226,12143,10732,24659,21510,4402,21281
20210218,21746,12272,12297,19511,21731,5077,10311
20210219,21949,13071,16814,19128,22768,5570,9225
20210220,21972,13640,12600,37843,23791,5114,9107
20210221,21768,13721,13587,37433,22588,5056,8901
20210222,20318,12794,11334,19461,23320,4807,7661
20210223,18970,12869,11166,15092,22732,4694,7490
20210224,19282,13415,11400,14261,39745,5219,7573
20210225,22189,13627,11543,14002,34605,6016,7786
20210226,18390,19408,12240,13115,59215,6403,8232
20210227,20466,21419,14529,14356,85185,5820,9155
20210228,20107,20479,13075,13762,68301,5793,8548
20210301,23986,38775,11944,13977,54302,4648,8295
20210302,33458,32061,11656,12906,42782,4619,8382
20210303,22457,20780,12509,12192,42462,4683,7164
20210304,19210,19164,11766,12471,39195,4402,7184
20210305,19041,22123,12310,12338,35699,4676,7771
20210306,18634,20526,11926,13214,39359,5273,8246
20210307,19148,19438,12107,13958,39864,5194,7787
20210308,18759,16880,10881,12930,32443,5017,7019
20210309,17047,17031,14157,11692,28561,4758,7243
20210310,17517,16388,15652,11390,27517,4341,6788
20210311,17120,17451,14955,11709,28241,4552,7165
20210312,19658,18469,21924,11858,27459,4910,7953
20210313,20463,21516,20432,17357,30076,7567,8509
20210314,23964,23227,16612,13255,38252,5999,8158
20210315,158351,25188,14381,14167,193494,6156,7922
20210316,68979,19142,12551,12373,84016,5360,8035
20210317,36422,19987,12745,11995,67255,4808,9278
20210318,28247,24501,12438,12143,63065,4641,8436
20210319,24806,63959,12557,12019,41866,5180,8368
20210320,24611,40050,12829,12717,37453,5006,8481
20210321,23475,32591,13200,12014,35290,4939,8036
20210322,21075,30897,12293,11446,31056,4565,7498
20210323,20871,27445,12702,10796,26476,4638,7262
20210324,22157,26327,12403,11638,24351,4459,11108
20210325,21926,24008,12252,13251,23294,6059,10518
20210326,25808,25049,12474,12157,22689,4605,8931
20210327,21561,25172,13376,11716,23626,5230,9279
20210328,20394,23544,12709,12519,23850,9876,8934
20210329,18831,24235,12063,11407,22412,5883,8737
20210330,18327,22870,11763,10983,21009,5141,8516
20210331,20016,20860,12349,11117,21665,4368,7356
20210401,17860,19987,10949,11567,21703,4495,7188
20210402,21380,23226,11063,11328,19242,4534,7856
20210403,22922,23152,11628,11063,21700,5372,8119
20210404,22500,22836,12344,11631,21725,5831,10476
20210405,21399,26790,12558,12135,20619,5098,7449
20210406,20357,24692,11978,12472,17880,4569,7250
20210407,25586,21881,11935,12373,17128,4809,6863
20210408,30314,21687,11254,11365,17956,5087,7058
20210409,77916,21273,11588,11304,18499,7894,7335
20210410,56514,20560,12104,11869,18851,9942,7623
20210411,42809,20958,13343,11738,18595,8951,7731
20210412,35850,19545,13147,10980,17838,5886,6510
20210413,30170,22018,12759,10722,15437,5153,6372
20210414,34043,26820,12430,10507,15509,4740,6378
20210415,28069,25072,12172,10783,15997,4995,6589
20210416,28376,22303,13311,11087,15864,5472,7493
20210417,27607,20831,12707,11369,16824,5906,6998
20210418,26954,33180,12627,11700,22356,5190,7887
20210419,27834,23857,14017,10279,18612,4202,6872
20210420,24648,19477,11905,10304,18201,5617,6710
20210421,21717,17959,11108,10212,18963,3994,6894
20210422,21409,19211,12177,10392,17472,4979,6644
20210423,22205,18575,12387,10196,16542,4535,6988
20210424,21522,20162,12975,11227,17872,4827,7442
20210425,21881,19106,12920,11528,17508,11137,7356
20210426,19490,18167,12958,11071,22914,6032,6497
20210427,18408,20843,12856,10356,38245,4352,6407
20210428,18859,20879,13212,10542,31196,5718,7388
20210429,19548,20331,12660,10536,32920,5475,6737
20210430,21624,20081,12961,10613,35728,5197,7568
20210501,20441,20287,14074,11675,30814,5153,7411
20210502,18986,20967,13523,11350,62116,4594,7374
20210503,20495,20849,17156,11305,133715,4585,7038
20210504,19811,19955,14379,10949,78643,4712,6328
20210505,17719,18212,13393,11072,64660,4651,6276
20210506,17497,19946,12789,11483,45572,4149,20767
20210507,17444,20127,13236,11623,36442,4319,10709
20210508,17637,19867,14055,11747,32800,4661,8223
20210509,17735,19494,17242,11585,30049,9287,8594
20210510,19862,18595,12995,10923,27522,5355,6642
20210511,49446,17750,13018,12671,42100,5298,6785
20210512,32084,16435,14070,12872,32353,5143,6263
20210513,22608,17797,12597,12258,26152,4950,6536
20210514,20378,18370,12478,11399,25511,4718,6981
20210515,20236,18634,13739,11519,22683,4808,6946
20210516,26032,18375,13905,11722,22369,4709,6979
20210517,19150,15887,15633,10358,73280,4395,8367
20210518,18302,16391,20220,11007,30964,4503,6764
20210519,17122,15504,16306,24558,24366,4202,6682
20210520,18535,17517,14740,38121,21895,4107,7678
20210521,19784,16967,13171,18971,23166,4178,8300
20210522,17756,17499,13065,14970,24838,4503,7986
20210523,19136,17645,13738,14934,23678,5181,7984
20210524,22647,18212,12840,15628,21928,25771,7536
20210525,18295,16417,13168,13484,21627,6430,6854
20210526,18469,35755,14959,11723,25566,5178,6280
20210527,22854,22055,14853,11772,22241,5227,6771
20210528,17985,21747,14011,11596,21799,5259,7646
20210529,18676,19891,15418,12570,21319,6162,14805
20210530,16924,19158,14810,13044,18864,5253,11957
20210531,17193,22845,14173,12610,19399,5917,13301
20210601,20404,19152,13277,10938,18901,5232,9714
20210602,19493,17664,11800,13976,29877,6281,7738
20210603,18539,20564,11486,13534,31592,5494,8338
20210604,17693,17838,11238,11798,33496,7027,10137
20210605,16581,21495,11381,11600,25349,7014,9329
20210606,25284,18624,11743,11177,22379,6382,9367
20210607,18942,16683,11194,10249,24802,6902,8992
20210608,18285,15968,13342,10462,22373,4547,8226
20210609,19443,15592,15875,9918,20571,4364,8532
20210610,19295,15271,14171,10339,21274,5100,8342
20210611,17677,15397,13313,11160,25210,4257,9591
20210612,17206,15779,12807,20658,21329,4004,8836
20210613,16658,17063,11695,13334,22917,4587,9891
20210614,15788,16951,11371,12269,25706,3983,8270
20210615,15007,14402,11223,11656,22669,3695,9693
20210616,15605,14340,11385,11091,20224,3534,7923
20210617,16858,15302,11184,10667,26669,3777,7279
20210618,28804,15490,12890,10245,26772,3773,7411
20210619,30998,14930,13880,10398,20210,3966,8170
20210620,22851,15186,13929,11226,19004,4433,7775
20210621,20217,15217,12885,10630,17433,3607,7807
20210622,18287,18192,13374,10713,32552,3595,7684
20210623,19222,17350,12545,12066,22797,3707,7431
20210624,18774,15214,12908,15832,17977,3608,8640
20210625,18032,14512,12498,17508,16822,3981,34338
20210626,18019,15099,13143,15225,15694,4428,25946
20210627,18479,17211,12903,13226,14684,4878,21534
20210628,17038,16352,12019,12603,14611,4157,19139
20210629,17006,17360,12152,10584,13918,4446,41706
20210630,17448,14675,11541,12411,16301,4153,32523
20210701,17497,15027,11661,21424,15711,4237,25999
20210702,20936,14829,12319,13000,15765,4277,24558
20210703,19307,14639,14553,11714,16035,4630,19286
20210704,18753,15414,19939,11411,13702,6938,23796
20210705,18815,14236,14348,11138,13540,4849,16279
20210706,17454,15012,15103,10655,13835,4030,17165
20210707,18875,14017,13888,10353,13751,3875,14964
20210708,18468,14259,13134,10366,12876,5162,18732
20210709,18545,16634,12350,10441,19422,4767,26380
20210710,18547,15308,12183,10955,18375,4225,19453
20210711,17298,15599,12078,12996,15289,3963,15320
20210712,16299,15334,12092,12333,20284,3734,13174
20210713,15915,15537,11700,12909,22367,3658,12906
20210714,17602,16001,11965,11417,18101,3357,12920
20210715,17482,18396,12365,10425,14250,4860,12535
20210716,17818,16700,12243,10304,15635,5207,12367
20210717,19350,19352,12401,12050,16795,4650,12325
20210718,18085,16289,12698,12344,16769,4189,12832
20210719,17201,16420,12116,10132,14679,3704,11457
20210720,16711,16420,11499,10112,13589,4886,11605
20210721,18609,15074,13584,9518,13466,3980,11523
20210722,18098,16621,26812,10271,15257,3880,10585
20210723,18168,17190,21478,11478,15899,3778,11338
20210724,18429,16787,14345,11903,14260,3754,11362
20210725,17885,16055,13733,12098,14592,3606,10921
20210726,16148,14844,12563,10161,14479,3194,10323
20210727,15661,14878,13320,9831,13897,3474,10487
20210728,15105,15049,12828,10226,14026,3634,9756
20210729,14850,14177,12785,11898,18963,4301,9733
20210730,15190,13847,12109,10396,57103,5278,10500
20210731,15577,14057,11741,9850,60981,6679,10059
20210801,15715,14205,11315,10260,47356,9032,9457
20210802,14712,13060,10899,8898,38231,5258,8824
20210803,14278,12978,11322,9600,31373,4583,8748
20210804,15080,13212,14358,46320,28032,4185,10119
20210805,21457,13536,12738,55200,26920,4271,9034
20210806,21443,13261,11713,27755,26693,4399,15819
20210807,19541,13755,12309,22852,22831,4640,16456
20210808,17670,13610,12559,20544,21722,5068,12153
20210809,17332,13699,12658,18080,22909,4530,11117
20210810,16614,13958,12197,16700,28485,4018,10318
20210811,16311,15111,11832,19015,22127,3933,10832
20210812,16127,15806,11736,16753,20308,4794,10406
20210813,16560,16181,11766,17842,18109,4901,11320
20210814,15989,15595,14507,16850,17300,4820,11064
20210815,15853,15219,13417,15294,17248,4757,11248
20210816,15021,17625,12197,13316,16893,3954,10247
20210817,14469,16419,12463,13321,17563,3525,9810
20210818,14396,15839,11139,13517,16134,3687,10291
20210819,15262,15753,13049,12452,16250,3745,35998
20210820,15186,15076,14356,15222,14893,3959,27879
20210821,15135,14604,13271,14177,19602,4285,17945
20210822,15240,14406,12756,13933,15264,4475,15796
20210823,18040,15211,13089,12369,16605,3980,14027
20210824,25924,16458,12405,11787,19987,3786,12664
20210825,16369,14675,12281,11598,18862,3629,11320
20210826,16101,14252,11834,11385,16300,3670,11389
20210827,16310,14188,14352,12458,15676,3760,12945
20210828,16197,14589,14089,12268,18932,3767,12136
20210829,17192,15434,14117,12548,17006,4130,11983
20210830,16779,15038,14129,11865,16965,3890,11686
20210831,16441,14164,25455,11188,15400,3499,10960
20210901,15226,15295,38038,11275,15644,3683,9989
20210902,14559,15093,30908,10687,17172,3716,11376
20210903,15328,15848,28284,12141,19077,3778,12509
20210904,15297,16813,30470,14550,24484,4073,12057
20210905,16381,16413,30409,12504,22243,3898,11846
20210906,15797,16674,26530,17326,21094,3755,10900
20210907,14778,14671,25897,16550,21655,3484,10453
20210908,14334,14922,39023,15660,16918,3722,10691
20210909,14137,15026,31883,12979,18844,3823,21218
20210910,13952,13797,24296,13059,18991,4562,25389
20210911,14200,14203,30921,12662,17748,4307,14593
20210912,14578,17366,28016,14192,15530,4556,14062
20210913,17164,28104,23025,14732,23509,10741,22751
20210914,17817,25589,22800,32679,45018,6023,13887
20210915,15307,23826,25346,22476,30068,5145,14314
20210916,15385,22257,25098,17372,24320,4555,13705
20210917,23571,21707,23808,14434,23795,4391,19885
20210918,23394,21414,24089,15250,23530,4375,15789
20210919,21094,20264,23637,16490,22879,4367,14010
20210920,18794,16691,20422,12841,20470,3881,11990
20210921,19374,16575,22754,13552,27831,3746,11829
20210922,17960,16431,25040,13747,21534,3785,11899
20210923,17056,16940,23070,15541,23619,3722,11475
20210924,17297,17296,22193,16009,29818,5912,21564
20210925,15977,16997,23436,16382,28568,4750,66582
20210926,16509,16300,23135,16157,36158,4489,23250
20210927,16983,15202,21536,14581,26234,4686,15857
20210928,20240,14621,24378,13637,31024,4006,15478
20210929,16734,14307,22887,11683,30168,3703,15164
20210930,17864,17181,21005,11780,23476,3643,13408
20211001,17102,18442,19226,11015,20727,3882,13652
20211002,17447,17938,20000,11759,23862,4681,14550
20211003,17947,16552,20359,12536,26801,5255,12827
20211004,17015,15456,18856,11749,37848,5141,11048
20211005,16591,16131,20090,10613,33736,4513,11925
20211006,16287,15741,21112,10054,23557,5079,13006
20211007,15673,15970,20356,9791,21821,5033,10906
20211008,15432,24825,24765,9865,23772,4706,14477
20211009,16696,26740,27487,10190,23336,4733,14009
20211010,16433,25109,23680,10561,25324,5154,11842
20211011,15536,21827,20455,9835,21103,4361,10690
20211012,16118,19198,23308,9423,22169,4235,11673
20211013,15937,18467,23532,9643,20524,4166,10491
20211014,16262,17932,21698,9973,33800,5019,10886
20211015,17942,17267,21088,10313,26330,5497,14077
20211016,16354,15899,21112,10669,26518,6584,12977
20211017,16431,16653,21102,10656,23961,5371,16077
20211018,16086,14793,17891,9950,19900,4211,11336
20211019,15235,15216,23400,9674,21956,3866,10534
20211020,14772,15082,26677,8997,19480,3637,12490
20211021,15347,15620,22827,9830,19630,3776,12747
20211022,15682,25817,21065,10025,17173,3641,12778
20211023,16417,23438,21782,12376,17854,4295,19011
20211024,16515,18942,22622,13313,18625,4218,21058
20211025,15628,16534,19839,11659,15921,3874,22894
20211026,15770,15221,19696,9754,17715,4279,53202
20211027,52330,14499,19361,9539,18957,4308,35484
20211028,17907,14285,20088,9158,16852,4873,25301
20211029,16858,15485,20066,10687,16467,5082,47482
20211030,16862,14412,21072,10650,16862,4782,37861
20211031,17531,15224,20763,9558,19391,4236,27016
20211101,17308,14979,17047,10403,16735,3716,26485
20211102,16506,18490,16954,9199,16188,14452,48838
20211103,15899,16216,15417,10773,15124,16912,28382
20211104,15058,13413,15130,12055,13903,12243,25811
20211105,18873,13059,16466,10766,16189,9559,23362
20211106,18260,13863,18054,10804,15299,8122,29926
20211107,17788,14274,17407,10549,16834,8948,49401
20211108,17102,13936,15006,11177,17755,5709,32341
20211109,19060,13091,14896,10668,17308,5381,25939
20211110,20875,13996,14837,9908,18489,5151,21141
20211111,28131,15388,15606,9935,16982,5155,19224
20211112,142960,14550,16376,9954,23262,5166,20386
20211113,169314,13663,16922,10683,22832,5003,24642
20211114,191262,14057,18594,11273,28691,4953,24992
20211115,150570,15501,17342,10235,23466,4531,21840
20211116,112404,14760,17545,9457,22313,4204,18542
20211117,80694,13371,17479,9363,17324,4495,16135
20211118,71671,14733,17369,9322,16197,4439,16548
20211119,56140,15058,16259,9675,17547,4182,18648
20211120,46970,14924,17233,9856,20827,4507,17976
20211121,47556,16710,19334,10480,19543,4641,18175
20211122,46298,18911,17167,9753,16599,3633,15068
20211123,44588,19300,18696,10178,18762,4364,13559
20211124,38945,17697,18529,10443,21963,4260,12625
20211125,32179,15443,15297,9344,17089,4060,13857
20211126,30264,13632,14443,9293,17128,4462,17670
20211127,36118,14488,14512,11057,15448,5080,17956
20211128,31008,14782,15218,12014,15572,5073,13684
20211129,27468,15125,14633,13370,14687,4906,11610
20211130,25618,14827,14415,98356,18320,4739,10819
20211201,25130,14998,14857,95499,23088,4661,10345
20211202,27319,16431,15034,37930,21509,4743,10874
20211203,24450,16990,13962,28107,24207,4148,14981
20211204,24013,16729,14226,25617,23361,4422,15666
20211205,25228,16802,14683,21295,22465,4440,14707
20211206,23063,20685,13560,17943,19794,4374,11875
20211207,21378,16013,13175,17566,18065,5848,12198
20211208,20791,14345,13699,14626,18229,5287,13045
20211209,19959,14435,13126,13072,14548,8939,20434
20211210,24056,14371,13162,12222,17808,15187,14587
20211211,21805,15222,13998,12287,19339,13098,13209
20211212,22844,16035,14738,12154,138763,12255,11886
20211213,36703,16050,14191,11021,77191,9534,10700
20211214,28340,15379,13947,10433,51502,27765,11687
20211215,19722,14189,12824,10208,76888,29837,20807
20211216,18309,12958,12122,10103,46014,11676,13063
20211217,17345,12263,11604,10731,29602,9870,12292
20211218,18232,12527,11583,10635,39272,8446,20667
20211219,17725,12585,12285,9640,32099,7164,24311
20211220,16784,12306,11202,9094,26333,7037,12729
20211221,15543,11920,11672,9103,18751,6831,11672
20211222,15831,12519,11799,8973,17711,7083,12256
20211223,15751,13647,14110,9486,17853,7003,11431
20211224,16971,13651,11624,9309,17345,6682,14752
20211225,16279,14147,11401,9991,17945,5159,20517
20211226,16728,13660,12884,11087,17807,5206,16052
20211227,18022,13903,14319,10797,21512,5448,12860
20211228,17785,13350,14079,10381,20919,6168,12330
20211229,18455,16297,15076,10678,21591,5055,12369
20211230,18549,16378,15540,11677,20583,5074,11429
20211231,17617,14239,13573,11536,21911,6075,18836
20220101,19867,14533,13924,12575,22419,6019,42511
20220102,19046,14420,15573,11724,19220,5454,17564
20220103,17445,13333,14047,10288,16678,4510,11924
20220104,17208,13117,13382,9711,14308,4377,11404
20220105,16694,12996,12926,10080,14337,4633,9859
20220106,16581,12441,13386,9653,15577,4452,9607
20220107,16905,13328,14285,10654,13064,4452,9985
20220108,17654,13346,14749,12361,14897,5092,10953
20220109,27025,14033,16403,11713,14319,4956,10885
20220110,17598,12600,16991,10436,17894,4078,9371
20220111,16643,12584,14723,10704,14714,4241,9008
20220112,16200,12293,15428,10171,12693,3916,9489
20220113,16901,12273,13289,9939,14191,3871,9512
20220114,16686,12314,16469,10237,12542,3890,10428
20220115,16878,12385,22188,10558,13415,8833,10656
20220116,17076,12973,19619,10601,13202,6649,9891
20220117,17446,12328,18027,11170,13773,5375,9236
20220118,16462,12645,15668,11460,13638,4613,8549
20220119,15640,12303,15520,10376,12407,4494,8369
20220120,15391,12743,15327,10578,12462,4313,8087
20220121,16176,12916,15043,10267,12670,4462,8774
20220122,16073,13649,16695,10746,15780,4785,9431
20220123,16426,14545,18045,10552,13690,4953,9088
20220124,19918,13257,14093,9558,15129,4612,9130
20220125,32935,12608,13373,9754,14900,10677,8333
20220126,21149,12668,13227,10573,14347,8738,8573
20220127,18547,13408,13302,11194,16272,6052,8868
20220128,19596,13096,13485,13137,15258,6403,9491
20220129,19215,13419,15077,14363,16017,6812,9817
20220130,19338,12909,14004,13455,14639,5681,9696
20220131,16711,12573,12859,285502,12524,5276,8417
20220201,16121,11970,12791,210938,12888,4849,7862
20220202,16438,13223,13083,75768,12463,4502,8239
20220203,17386,12949,14004,73056,14820,4887,7904
20220204,17184,15635,14623,42554,14377,4740,8325
20220205,17182,17301,14195,34676,16205,5397,9719
20220206,17660,14496,14359,34262,14657,5135,9019
20220207,17108,12714,13435,26611,16365,4419,8268
20220208,17187,14049,13560,23706,20687,4275,17684
20220209,16957,12541,12204,21734,18095,4470,14141
20220210,16444,12128,11973,22559,19910,4736,10870
20220211,17273,12794,11606,20423,25505,6694,13691
20220212,17953,14591,12251,28737,23232,5697,13290
20220213,17821,18045,12655,33761,24256,5656,11411
20220214,15844,15925,11504,26518,15804,5331,9486
20220215,15192,13561,11401,24746,16008,5084,9585
20220216,14666,12894,11176,21811,14912,4956,10012
20220217,18599,11933,10525,20977,16193,4853,13285
20220218,25664,12889,10965,20840,15437,5042,11031
20220219,20111,14390,11391,23122,16173,8294,10351
20220220,18427,15407,11554,32193,19928,5998,11336
20220221,17611,21354,10892,25859,18608,5101,16484
20220222,15608,16915,10713,19430,17527,4959,11117
20220223,15010,13449,10522,17645,15154,9024,9526
20220224,13298,11075,10097,14509,14802,5411,8698
20220225,13257,10948,11208,15124,11739,4837,8721
20220226,13599,11234,12957,18249,12512,4628,8352
20220227,14524,11990,12315,16665,16469,4725,8178
20220228,13973,12575,14789,13820,11620,4495,10044
20220301,13722,24512,12419,16734,11929,4263,9156
20220302,13446,21742,11220,24958,10188,4209,8202
20220303,35977,15514,9961,22078,12410,4458,8168
20220304,13161,13616,10064,21579,11883,4465,9512
20220305,13004,13495,10306,21446,22905,4247,10318
20220306,50925,13886,12433,22522,15503,4260,9330
20220307,17074,12544,10952,17349,11287,4254,9441
20220308,13483,13104,10024,15008,12803,6016,9935
20220309,12558,12551,9905,15252,13017,10167,9629
20220310,12924,12010,9868,15174,12589,6778,8767
20220311,13670,11280,9973,16351,14733,5324,8585
20220312,13428,16356,11006,16168,18709,5251,10351
20220313,14279,25037,12590,18668,18213,4911,8741
20220314,14243,19106,13198,22985,14388,4409,8620
20220315,13084,14975,11087,23389,13806,4002,10818
20220316,13114,13176,10273,18543,14014,4172,10318
20220317,13958,13307,10293,16793,14950,4485,10758
20220318,13848,13688,10366,16383,15600,4139,9597
20220319,35555,14056,11210,17252,15325,4339,9416
20220320,15051,15492,11133,17071,16319,4376,14236
20220321,16613,13770,10111,15894,13317,4030,9326
20220322,14865,13231,10393,15266,13796,3835,9024
20220323,14207,16247,10888,14818,15173,3795,9192
20220324,14172,15675,10209,14721,14689,4201,9188
20220325,13667,14296,10018,13678,14836,3493,9900
20220326,16283,14660,10201,14030,15245,4012,9737
20220327,15267,14407,12697,16945,27041,4157,10061
20220328,18175,14291,12228,20230,212157,3637,8857
20220329,20275,14633,9946,17028,50695,4061,18172
20220330,18056,14983,10107,15364,32211,4389,13636
20220331,14898,14497,11174,19578,23431,3831,8735
20220401,13845,13535,10897,15043,20444,7575,8445
20220402,14487,14418,10933,14925,26590,5675,8980
20220403,16189,16914,12493,14507,29623,5135,9436
20220404,22198,53151,14754,14173,101967,5767,9113
20220405,16531,21663,14842,13736,29139,4345,9070
20220406,15474,16760,14575,16534,20270,4052,20612
20220407,16227,14802,13103,16542,18964,5413,13441
20220408,15693,15702,11680,14901,17101,4464,13363
20220409,16450,16800,12406,14932,18030,4324,10636
20220410,16225,16365,11881,14486,19763,4462,10435
20220411,15013,18463,12361,13853,16657,3888,9532
20220412,14284,15368,12546,29425,17341,3772,9068
20220413,13937,15056,11846,29411,13341,3990,8320
20220414,14847,15667,11596,27111,12790,4314,8427
20220415,14591,14730,11478,55609,16292,3618,9081
20220416,17025,15535,11674,29813,14523,3974,9324
20220417,16068,16289,12419,23211,33443,3770,10148
20220418,15097,15689,12901,20129,28171,4023,8867
20220419,18345,15507,11889,17662,19271,3478,8644
20220420,17879,15086,11998,27827,14187,3605,8614
20220421,15772,14444,11225,30351,12546,3875,9231
20220422,14090,14574,10156,20514,14051,3513,10440
20220423,14345,14090,10428,18708,16247,3741,12398
20220424,14702,14617,11663,20845,37996,4227,20721
20220425,14244,14008,10991,18404,19296,3609,15199
20220426,14047,13440,10408,15327,18069,3458,10708
20220427,14062,18392,10284,13985,16428,3487,9477
20220428,15531,21761,10866,14181,14639,3519,10303
20220429,14050,19948,10932,16588,15264,3179,9867
20220430,14646,17012,10238,14344,12988,3728,10091
20220501,15111,15616,10831,13350,13404,5785,9132
20220502,16569,14666,10405,13028,13211,4651,8735
20220503,16914,16225,10572,14213,22281,7930,9160
20220504,15720,17956,10590,13154,19219,5861,9469
20220505,16410,15113,9793,16258,14978,4016,8349
20220506,22213,13364,10036,20907,13988,3635,10185
20220507,17389,13813,10376,16294,12309,4222,10262
20220508,15741,14724,11335,15925,12965,3770,8887
20220509,14807,13638,9938,13725,15065,4174,7885
20220510,18030,12473,10136,14467,11521,5345,8627
20220511,14330,12622,10001,12880,12206,3764,7184
20220512,13901,13300,12044,11541,10681,3807,7727
20220513,15243,12818,12742,11472,10193,3641,8696
20220514,14509,12048,12055,11621,10968,3595,8863
20220515,17048,13617,83494,13283,12207,3707,9198
20220516,17926,13402,39110,12631,19324,3470,12256
20220517,15090,12155,20801,12148,12231,3290,7659
20220518,70273,11099,17250,11471,11792,3392,7898
20220519,106259,10739,14724,39172,10124,4795,15110
20220520,46054,10273,12210,50136,16159,3697,27324
20220521,36213,10436,13159,24502,28452,4390,14841
20220522,31404,10877,13206,19458,28688,5089,12427
20220523,26231,10554,11716,16394,25886,5433,9662
20220524,24219,11238,10273,14260,25026,3830,7985
20220525,22886,13052,10539,13204,20755,3310,8092
20220526,21679,14093,10183,13783,25719,3510,10429
20220527,21693,12847,9676,13298,21791,3880,12196
20220528,19539,11068,9898,14222,18836,3683,14915
20220529,18685,10887,9660,13289,17598,3885,12167
20220530,17624,11420,9550,12500,17557,3713,9587
20220531,16643,12373,9291,12845,15075,3576,8670
20220601,15615,10755,8985,11338,16363,3444,8218
20220602,18763,10477,9259,10418,16167,3555,8554
20220603,15529,11646,9712,11206,13970,3666,10226
20220604,15172,40037,9999,15847,14706,84919,14084
20220605,15330,15466,10394,12041,15538,52566,31174
20220606,14774,12519,9378,10422,14107,10185,12000
20220607,15620,13940,8815,9864,12751,5698,9693
20220608,13494,13816,8834,9980,14852,5318,8577
20220609,13537,12357,8822,9895,13239,5247,9834
20220610,13152,31795,9970,9581,12816,6761,10555
20220611,13670,115808,15840,9889,16723,6010,10957
20220612,16130,57751,13202,10539,25624,5249,11528
20220613,14504,39837,11253,9564,16329,4711,9340
20220614,13164,35592,10713,9668,14229,4509,8122
20220615,13498,31074,10868,9155,14664,3673,8669
20220616,13089,29985,11993,10512,12882,3617,9428
20220617,12985,24745,18871,10389,11959,3485,10777
20220618,13439,22203,13754,10576,13983,3764,10880
20220619,13891,20397,12861,10338,15393,3766,9879
20220620,13325,18347,11892,9890,15314,3527,8868
20220621,13435,16465,12330,10462,13490,3581,8133
20220622,13304,15850,11867,10007,17068,3520,8400
20220623,15608,15356,11124,9835,24057,3318,7784
20220624,17137,14186,10861,9728,167210,3978,9597
20220625,15024,14054,12032,10045,77952,4657,11528
20220626,14770,14698,13409,11064,41525,3834,12544
20220627,13607,13597,12377,11071,25931,3430,8602
20220628,13211,12872,24068,9359,21154,3326,7257
20220629,12606,12756,36024,10040,17971,3561,9646
20220630,14278,12252,29382,9747,16203,3709,11638
20220701,21499,11994,24570,9788,14833,4036,10988
20220702,16349,12812,23262,13011,15589,4289,10510
20220703,15042,12729,24196,12370,14353,5033,8405
20220704,14358,12200,22673,13421,12970,4956,7864
20220705,18332,11644,21681,19428,12405,3731,7179
20220706,15402,11477,22949,19402,10966,3525,7053
20220707,14987,11471,20518,16231,14109,3505,6850
20220708,13752,11147,19411,12544,13055,3712,9077
20220709,13387,13184,20342,12131,12488,4151,9081
20220710,13751,11473,20593,11896,11562,4137,8910
20220711,13322,10287,18809,10397,10692,4070,7633
20220712,12903,10955,21967,9808,11667,3798,9058
20220713,13604,10613,22111,9680,9790,3854,11646
20220714,12858,10702,19207,10029,12381,3910,10326
20220715,13626,11336,18081,10479,13201,3861,10545
20220716,14866,11192,18943,11200,13576,4348,9585
20220717,14414,11344,20958,12435,12256,4031,14123
20220718,14134,11839,19447,11155,12766,3804,9008
20220719,13505,11191,19958,9988,15616,3590,7747
20220720,12616,11749,20859,9488,10637,3381,8505
20220721,13470,11247,20637,10275,16457,3966,7875
20220722,15770,12365,36621,10367,22669,3864,9905
20220723,17432,12823,31225,10707,16637,4218,9864
20220724,16809,12386,24167,11166,15399,4271,9254
20220725,14953,11106,20075,10401,14425,3800,8561
20220726,14843,12092,23708,10942,14713,3660,8077
20220727,14386,11628,22049,11340,13706,3682,7958
20220728,14835,11896,19820,10631,15429,3580,8786
20220729,15533,12126,18386,11327,13535,3827,8819
20220730,17150,12317,17104,11608,14701,4580,9276
20220731,18811,12685,17813,11727,16633,5596,9269
20220801,19323,12802,16650,12065,17528,6307,8814
20220802,17358,13240,19326,10267,14992,4672,7934
20220803,17368,13297,23023,10975,13776,4456,8431
20220804,15952,12470,22270,10981,13881,4400,8867
20220805,15956,12259,19772,11026,12867,4415,9338
20220806,15808,11908,20133,11589,14555,4852,9612
20220807,17242,13152,27890,12189,13815,5166,10121
20220808,16358,12741,19626,11871,11874,4202,8926
20220809,16089,11859,18432,10667,12561,3855,8908
20220810,16448,11914,18193,10150,11020,4196,8771
20220811,16123,11561,17483,10231,14666,4208,8899
20220812,16132,11740,16443,10996,13874,6235,9762
20220813,17673,13513,16821,11875,15735,5457,9770
20220814,20056,13134,18571,13537,17980,5419,8795
20220815,19663,11872,17517,12892,16138,7049,8402
20220816,17888,11407,19952,16426,17152,5339,7737
20220817,16327,12111,21448,12828,16405,5123,7734
20220818,16861,11078,20031,13414,24635,4485,7880
20220819,16369,11623,19311,12163,30739,5131,8461
20220820,16401,12266,21817,12637,22484,5632,9560
20220821,16317,12630,23519,12038,22887,4669,9976
20220822,17507,14756,21159,11863,19962,3881,7888
20220823,17876,13430,23228,11268,19350,3768,8145
20220824,18435,12368,23987,11211,19729,4429,8335
20220825,17675,11859,22705,10500,16051,4561,8982
20220826,16990,11022,21795,11293,15242,4438,9305
20220827,16880,11308,21360,12081,13794,4366,9449
20220828,23346,11745,22207,12292,15089,4263,12513
20220829,94052,12345,19674,12560,14431,4326,9753
20220830,38527,10942,16749,10603,13406,4590,7768
20220831,25818,10660,15593,9669,12507,4165,7718
20220901,23928,10428,15434,9601,11298,4568,7700
20220902,22433,10706,15166,10170,11774,4614,8478
20220903,22830,11462,16798,10552,12815,4566,9470
20220904,23999,11529,18794,11311,24652,5243,9261
20220905,22122,13960,17758,10330,13452,4446,7898
20220906,20632,16042,16153,9494,12396,4864,8523
20220907,19742,20673,15835,9118,11957,4160,7922
20220908,17388,12605,15987,9189,12588,4523,7540
20220909,17331,11613,14700,9783,14101,4191,7736
20220910,20196,12326,17032,11934,16030,4560,9114
20220911,19273,13262,17959,13803,15016,4665,9146
20220912,18646,11824,16211,11774,14911,3697,8517
20220913,18837,11360,21107,11971,16191,3642,8391
20220914,18702,13460,18483,11042,15585,4395,8006
20220915,18180,13046,17589,10947,14543,4254,8172
20220916,20919,13202,17486,11181,21101,4146,9151
20220917,21896,11653,17336,11981,15938,4738,9806
20220918,21947,12461,16522,12524,17301,5475,10100
20220919,19804,11493,16036,11230,14494,4231,7869
20220920,20069,11514,15026,10887,15324,3746,7653
20220921,24291,10899,17927,11019,14373,3734,8017
20220922,20939,11459,15773,10991,15248,4083,8176
20220923,23714,11351,15061,10710,16754,3706,8479
20220924,23626,11827,15218,12800,18754,4514,9072
20220925,23248,13533,16035,47272,16200,4636,9763
20220926,21687,12190,14202,59207,14030,3774,8358
20220927,21267,15107,18084,24358,14508,3608,7532
20220928,20515,19816,21988,17320,16971,3618,6620
20220929,19681,18137,19816,13950,15521,3377,9230
20220930,20595,15986,20120,13023,15546,3544,9644
20221001,20432,15443,19220,13070,14729,3898,9520
20221002,21052,13950,17630,13061,13052,3646,8895
20221003,24615,13007,15518,12891,12126,3569,10529
20221004,19081,13041,14614,12446,12139,3311,10499
20221005,19575,12155,14155,12027,13226,3400,8777
20221006,21433,12047,13307,11443,12389,3445,8036
20221007,32214,13955,13421,12058,15210,3271,8989
20221008,24535,12944,13495,12275,12478,3628,9898
20221009,22867,14062,14129,11988,12011,3638,9419
20221010,20332,13458,18294,11440,15536,3576,7632
20221011,36282,13208,17522,13561,11748,3338,9388
20221012,22397,10721,15287,11077,12965,3264,9744
20221013,20470,12649,14520,11100,11456,3406,9721
20221014,20265,12551,13269,12226,12167,3392,18665
20221015,19353,11969,14014,12217,16124,3504,12615
20221016,21191,13918,18458,12218,23846,3578,10491
20221017,23870,19187,23734,11891,18514,3073,8609
20221018,27345,14199,16244,11518,14408,3323,9280
20221019,26826,12606,15401,10304,24310,3201,9048
20221020,41329,13458,15483,10638,33078,3492,9143
20221021,175815,13496,15534,11860,24979,3798,11939
20221022,114508,13316,15141,12184,19813,3990,11018
20221023,85098,12216,14713,11591,16799,3694,13343
20221024,75432,11275,14338,11018,14782,3781,9042
20221025,97319,11973,14152,11484,16549,3559,9814
20221026,71710,11285,14645,21571,14794,3303,9147
20221027,62833,11419,15000,29014,14273,3328,8696
20221028,82638,11254,14236,51267,16962,3879,8809
20221029,65826,11931,16050,35367,15051,4135,28799
20221030,54721,11471,15836,28914,14545,4088,12265
20221031,59898,10456,13662,21252,22316,4097,8752
20221101,103045,10921,13631,17948,30987,3912,8247
20221102,77410,10588,16673,16931,27528,11494,8787
20221103,58340,11590,26570,19289,21522,6299,8866
20221104,57333,14058,62229,19022,18057,5636,10217
20221105,59631,16256,71571,17429,19151,6163,10389
20221106,55878,16575,61658,15745,25307,5000,9222
20221107,45651,13831,57010,17128,26014,4318,8532
20221108,47427,13327,38191,20146,24053,4045,8812
20221109,41261,13363,27374,17690,18144,3724,8526
20221110,41312,11974,24000,16781,17404,4124,8547
20221111,41481,12652,21965,18356,15831,4192,8588
20221112,43934,13011,46762,18755,15756,4445,9251
20221113,44971,11944,23528,18173,16294,4313,10436
20221114,54729,10572,18540,15092,19546,4051,9193
20221115,56783,10242,16060,13466,14941,3471,7787
20221116,69487,11323,17592,14013,15772,4129,10079
20221117,68793,10704,16147,13728,14128,4030,8255
20221118,92133,10762,15308,15323,13966,3986,8555
20221119,76751,11899,16014,15071,16809,4795,9984
20221120,57851,11662,16031,17926,16726,4422,9344
20221121,76349,11407,14348,15932,15209,3543,7861
20221122,48908,13156,13895,13265,13903,3501,6815
20221123,42268,12340,13695,12466,15097,3595,7614
20221124,43191,11092,13835,13318,16188,3716,9641
20221125,39622,11187,14325,13461,13662,4457,7947
20221126,42356,11756,16630,13962,18370,4523,8650
20221127,44979,12077,18146,14625,13885,4479,10404
20221128,32245,10904,15394,13664,20726,4261,7433
20221129,29490,11608,14188,13735,45819,4443,7087
20221130,30452,12003,14065,13294,29214,4428,7182
20221201,30001,11088,12893,12477,23090,24705,7282
20221202,27292,9403,11079,10273,17196,4684,6814
20221203,27681,8780,11550,11415,14303,4032,6890
20221204,27744,9161,13187,11280,26844,4103,7010
20221205,28114,8715,10932,10147,17863,4021,7017
20221206,28825,8318,20380,9897,25193,18167,6139
20221207,28057,7998,14457,9656,14705,4637,6416
20221208,27425,8555,11823,9742,14593,3944,6439
20221209,31111,9823,11223,9988,12152,14668,7558
20221210,31841,10275,13014,10271,18312,11158,6918
20221211,31645,10709,20627,10783,14509,7110,8292
20221212,34396,10071,17552,10261,15065,6417,6585
20221213,67228,9338,16027,9742,18197,4712,6007
20221214,37881,8986,12276,9417,19322,4256,7357
20221215,24943,8725,12256,9258,19627,6108,6798
20221216,23207,8530,11799,9042,25044,4826,6561
20221217,23797,9850,13099,20745,74151,5123,7511
20221218,23152,9526,12770,24880,29470,3982,7276
20221219,24510,9754,12897,15626,25604,3531,6494
20221220,23782,10649,12844,12521,19428,3758,6601
20221221,23480,11835,16713,10889,17468,3913,7176
20221222,23036,14176,13007,10451,20420,4951,6653
20221223,23406,11257,12550,9977,16082,6151,7228
20221224,24056,11014,11606,10163,14349,4716,8478
20221225,22519,12666,11479,10788,12965,6234,8543
20221226,23716,10270,12771,10542,15298,6053,10176
20221227,28428,10876,13862,10724,14560,7622,7966
20221228,25637,10798,13724,10411,15755,5398,7424
20221229,24985,11078,14918,10027,13642,4631,7631
20221230,25746,11509,15594,11260,15521,4897,7768
20221231,33337,11245,13513,11305,17651,5205,10589
20230101,31214,12465,13712,13180,28559,5688,10082
20230102,27258,11557,19197,11381,14380,5172,8938
20230103,26125,10199,18626,10280,11233,3947,7093
20230104,22461,10048,17139,10204,12884,3987,9364
20230105,24332,10356,14819,10124,16295,3767,11485
20230106,24202,10352,14768,10326,17562,3971,9132
20230107,26011,11815,16383,11318,17748,4258,9422
20230108,30761,11646,16803,13975,15377,4500,8009
20230109,23392,10992,14884,12590,14050,4048,7322
20230110,27572,10671,14487,11185,12118,3693,7158
20230111,23435,10176,27577,17581,12610,3454,6819
20230112,23097,10452,23696,15548,15502,3505,6850
20230113,28378,10865,22803,17672,11816,3746,8466
20230114,27745,11937,20000,19768,13968,4504,8162
20230115,26818,12680,25423,23096,14504,4378,8123
20230116,24767,12032,29988,23249,12734,3969,7362
20230117,27276,11200,32152,14313,12142,3889,7585
20230118,25029,10903,30438,12496,15010,4306,7988
20230119,24949,12135,25386,14402,13233,4195,9363
20230120,25344,12364,23019,13827,11996,4171,13140
20230121,27318,12566,22230,14673,11844,4749,11097
20230122,27142,12574,23479,20109,12760,4776,10293
20230123,24422,11541,19945,25997,11567,4532,8944
20230124,29332,14921,17821,16033,15089,4634,8897
20230125,29383,30707,17301,15552,12637,9767,10245
20230126,27640,21485,17225,13740,13012,8090,8954
20230127,36321,15994,16763,13955,13063,6663,9215
20230128,34138,14409,18007,15599,20356,6793,9363
20230129,33631,14045,20106,25780,15411,6761,9608
20230130,29287,11977,18297,23784,14844,5604,8207
20230131,26532,12014,27042,19918,11355,5446,9614
20230201,30222,11885,19610,16699,10742,5214,11485
20230202,32383,11481,19387,16752,11174,4632,13864
20230203,32311,11936,22355,16855,12324,4755,10752
20230204,31298,12418,24305,19778,14727,5694,11341
20230205,37383,13077,23612,24356,15725,6165,9757
20230206,87219,12743,20860,27633,18443,7073,10863
20230207,48888,13715,19127,23745,13772,5491,9293
20230208,35916,19375,18313,25568,12516,5194,9523
20230209,33884,20023,17862,40201,15275,5215,10062
20230210,32007,14912,17661,82029,12034,5562,12013
20230211,39082,13620,18468,79213,15051,5405,15895
20230212,35875,12361,20284,190112,14690,5741,11851
20230213,34142,12334,18099,3632791,13385,7327,9151
20230214,31341,12187,17428,454376,11547,5664,8980
20230215,31096,11309,16612,227431,10957,5394,8960
20230216,30214,11275,17636,188772,14331,5671,9486
20230217,28101,11752,21790,130974,12620,5476,17118
20230218,29222,12589,22221,105505,12824,6089,18034
20230219,26371,12747,22352,90965,13341,5583,15630
20230220,69236,12564,19242,90094,11433,5366,12969
20230221,451760,12539,18277,74810,11781,5577,11783
20230222,192171,12869,20253,51244,10563,5758,9755
20230223,194983,16927,35741,42862,12653,6889,11313
20230224,25799,22357,43852,42987,11435,6563,15632
20230225,29054,24979,44382,42591,13999,6147,19626
20230226,29897,31251,49084,37519,11533,6728,14546
20230227,26580,34337,50970,29531,12122,5086,11501
20230228,26037,47401,60477,26021,13719,4764,13432
20230301,24643,80976,57255,25522,11417,4516,62154
20230302,25725,66222,60056,25408,13952,4857,46120
20230303,28522,44824,56214,24209,12885,4723,31872
20230304,28274,46419,50855,24465,13693,5552,28469
20230305,29765,66810,54667,25429,13367,4943,21043
20230306,26379,83293,54905,26243,12711,4386,20863
20230307,26298,76688,53314,22892,11043,4061,21662
20230308,26483,68350,46275,22241,10636,4506,14315
20230309,26451,73493,46058,20899,10718,4518,13632
20230310,28093,63571,45675,21279,10493,4617,13354
20230311,29172,73800,46506,22084,11834,5391,13597
20230312,28855,79993,46612,25343,16648,5918,18749
20230313,26956,63697,38569,112033,13855,4654,13570
20230314,26710,58212,47501,42988,16766,4658,9660
20230315,28220,47657,44035,32149,14483,4935,10177
20230316,34005,44591,42175,29611,21197,4574,9743
20230317,59988,40475,37585,24443,28425,4766,12381
20230318,87423,40549,41130,25205,27825,4947,11825
20230319,85733,47515,45260,23235,23258,5872,10419
20230320,70421,48609,42085,19845,21096,4659,12734
20230321,57822,32395,39107,17863,21193,5474,29295
20230322,54135,28192,49872,16886,17729,5423,27511
20230323,51908,26983,42042,16169,16661,4609,17400
20230324,46846,32020,44464,17389,16810,4403,24015
20230325,50032,29018,45739,17832,18909,4798,21218
20230326,51827,27370,48822,17676,17685,4990,20534
20230327,45111,24784,50103,15109,19229,6956,16032
20230328,52844,21709,40450,13848,17102,7299,14356
20230329,40384,24283,35097,14988,17355,5175,12144
20230330,38249,27090,37074,14296,21295,5406,12961
20230331,38204,24310,31072,14573,15945,5277,11346
20230401,46285,22104,30687,16609,16684,4754,24568
20230402,47883,23962,39224,18438,15716,4605,13782
20230403,46416,22436,35050,14730,14998,3861,10068
20230404,37534,18817,28621,13046,14725,3718,9168
20230405,33091,15365,22307,11599,13390,3641,9830
20230406,32048,14087,21209,11796,13035,4029,9937
20230407,33020,14434,21025,12421,10632,4036,8997
20230408,38163,13473,20361,12263,10254,3784,13108
20230409,153542,14431,21013,13161,13105,3757,9696
20230410,84702,15766,20105,12291,10780,3673,8511
20230411,62596,13652,17464,11690,14178,3643,8919
20230412,46422,13024,17089,13331,12747,3406,11929
20230413,42527,11691,16416,12913,10776,3667,8324
20230414,45241,12382,16221,11903,11194,3352,8484
20230415,45745,12679,19494,11814,9288,3506,8607
20230416,45997,12718,18751,11933,15159,3848,11410
20230417,37796,12428,16567,11034,10172,3293,9834
20230418,33283,10992,14943,10091,11481,4272,9498
20230419,42099,11543,15676,11881,9139,4245,7886
20230420,44230,14361,18200,12875,9749,4326,9140
20230421,46595,15911,18283,13133,12879,4399,11065
20230422,50826,17312,21228,15074,11680,6972,11420
20230423,53280,19339,20677,15742,11787,5231,10949
20230424,48529,15799,18590,14131,10368,4157,12198
20230425,42581,15823,16638,14804,10234,5692,14207
20230426,37483,13562,16153,16085,19627,5234,19760
20230427,42008,13367,16255,15916,12729,4735,15082
20230428,42919,13226,16146,15822,13763,4384,22702
20230429,45695,14312,17979,19218,10300,4774,19043
20230430,49642,15254,18659,16566,11676,5307,14729
20230501,45966,14817,18403,15885,11482,4756,19236
20230502,41404,14391,18196,35522,20200,4057,32443
20230503,38890,13218,17274,24876,16136,4030,39951
20230504,51932,13820,17086,18584,16977,4108,67441
20230505,50238,13963,17067,17526,12099,4877,89414
20230506,96467,13683,17260,18309,13823,5008,59026
20230507,74895,13551,18240,17503,12636,5336,64034
20230508,76540,13413,17653,15527,12514,6301,119812
20230509,79898,12922,16803,14109,17612,6856,50793
20230510,51760,12396,18832,13163,16373,5311,37681
20230511,51945,12035,16632,36467,14429,6389,41042
20230512,58160,11645,14905,23693,13737,6792,35108
20230513,93335,13184,15434,19598,11416,9102,31374
20230514,80990,13376,16092,27953,11855,6743,34768
20230515,72815,14314,15072,19507,11554,5648,24920
20230516,68985,14570,14948,15830,14392,5383,22794
20230517,59588,12529,13912,13631,14795,4505,22373
20230518,51568,11807,13236,13304,19750,5295,18169
20230519,53951,12502,13429,18661,14056,5747,19137
20230520,57525,12196,14080,15052,12002,5493,21651
20230521,59363,12157,13965,14715,13118,5105,23056
20230522,57090,11513,13350,12248,11262,4385,17386
20230523,53578,10892,12906,11743,10711,4277,16365
20230524,50121,10636,12469,12156,9154,4155,14391
20230525,50423,11367,12280,11380,11390,4176,14092
20230526,56922,12162,12533,11762,12384,4570,15524
20230527,69411,11928,13741,12777,11843,5016,18056
20230528,66619,12058,15000,12397,14941,4375,23033
20230529,68403,11888,14818,12050,20226,4270,15488
20230530,59565,11817,14156,11934,28270,4279,13543
20230531,48701,12393,14594,11958,14143,4274,12826
20230601,47941,14323,13378,12770,12199,4675,12640
20230602,53031,12052,12910,13551,14133,5222,13313
20230603,58183,11760,14375,14813,13059,5023,17497
20230604,61391,12680,15383,14840,13790,5389,20132
20230605,75110,11663,15091,12520,10532,4413,12686
20230606,78807,12479,13972,12421,11175,4920,20635
20230607,63281,13637,14404,12194,12117,8564,12708
20230608,55105,13960,15389,12169,11848,4590,13313
20230609,59018,13488,20501,11732,9855,6116,12552
20230610,63570,14584,20198,12774,10278,5065,15469
20230611,57625,14331,18584,13258,19290,4977,21128
20230612,50774,13089,17974,11605,15485,4678,21232
20230613,43739,11382,15909,10861,18227,4242,13615
20230614,41120,11428,15013,11720,19302,4249,12518
20230615,42966,11316,14197,11153,12187,4174,13333
20230616,45392,12672,15371,11808,14153,4194,12245
20230617,54742,14046,19341,11788,15274,4384,15181
20230618,59373,14027,14532,12263,13665,4208,17319
20230619,52636,13503,14727,14426,13893,3914,15611
20230620,67591,13167,14128,13204,16127,3898,12101
20230621,74479,13081,13785,14947,14832,3956,11502
20230622,57533,12081,13311,15416,18606,3890,11093
20230623,58517,12346,16509,17128,17153,4165,11181
20230624,63076,12674,14871,17858,14145,4942,14793
20230625,70648,13835,15819,17760,14466,4411,17375
20230626,63429,13330,16955,16420,15555,5436,12643
20230627,59008,13020,15570,14640,15077,6063,12810
20230628,78622,11472,14972,13885,14976,5601,11668
20230629,65473,10731,13283,13139,12457,5696,10864
20230630,82431,11248,13915,13650,14317,5391,13747
20230701,82132,12174,14066,14747,13311,6326,18434
20230702,74131,12252,18544,15610,14222,5564,17880
20230703,67245,11873,17057,16103,12797,6122,12890
20230704,65839,12535,15415,15990,13149,5846,12075
20230705,76821,12338,14673,14203,13965,5584,10456
20230706,76942,12207,14706,12785,13077,6590,10248
20230707,171628,12956,17346,13285,13009,5602,11548
20230708,154309,13100,18380,13696,13487,6093,14577
20230709,128578,12788,18892,13329,11716,5595,17202
20230710,103875,12782,17337,11765,13381,6866,11739
20230711,90769,11221,17726,15061,13131,6356,10260
20230712,85853,11557,15157,12515,15035,6276,9790
20230713,77956,10267,15818,12761,16428,6922,9756
20230714,75310,11481,17626,13456,17802,6127,11579
20230715,81240,12551,17574,13931,15643,7138,14020
20230716,79047,12361,17861,13241,15037,6172,18418
20230717,75626,11689,18055,11865,16573,6231,13647
20230718,76945,11247,17079,10847,12278,10738,12360
20230719,68506,11168,15330,10785,13488,8512,10859
20230720,62099,11475,15457,12148,12094,7414,10403
20230721,59276,11354,16234,12999,41972,7568,11925
20230722,68269,12981,38150,15004,17328,7225,13284
20230723,68780,13759,42822,13294,14955,5766,17902
20230724,67993,12062,25064,13926,16034,5701,12409
20230725,58859,12004,19286,12170,14565,18889,10790
20230726,57716,11826,17342,12592,15128,11180,10179
20230727,60896,11142,19479,14149,15034,7177,10183
20230728,68618,12215,17343,14755,14159,7356,10428
20230729,92178,12417,19237,14643,16989,7900,13338
20230730,80314,14209,25016,15876,13827,6101,17896
20230731,61046,13416,21883,13675,16814,7361,12017
20230801,56813,12529,19630,12485,14811,8199,10455
20230802,65292,12712,20222,11891,13944,7475,9124
20230803,88281,12137,20621,12388,15656,6918,9278
20230804,105566,13680,21879,11977,24273,5659,10925
20230805,97490,23502,23565,13573,17189,5954,12052
20230806,101557,15157,22769,13461,19050,5473,14743
20230807,93351,14243,18986,11881,16590,6739,10283
20230808,79320,12170,32202,11579,14971,5957,9061
20230809,86316,12659,43414,15265,14875,5355,8589
20230810,165218,11610,35921,18473,16511,5465,8911
20230811,112612,11500,31627,24475,16013,5475,10071
20230812,95485,11855,33787,21207,14890,5226,11942
20230813,88936,11992,34469,22073,15970,4844,17123
20230814,75212,11742,28902,16197,16570,4252,11753
20230815,69080,11917,30583,14536,17685,4070,9848
20230816,63868,11292,30239,13837,17865,4257,10216
20230817,62817,11454,29841,12702,14266,4107,9662
20230818,62594,12722,27786,12760,15273,4746,10618
20230819,69065,13708,27969,13570,20084,4961,14627
20230820,68987,13369,29224,13595,17865,4703,17529
20230821,62606,12763,28006,17959,15408,4332,11634
20230822,62193,15775,30557,34448,16680,4506,13494
20230823,60572,15411,35942,19279,19672,6376,11131
20230824,57597,12768,30964,15029,18697,4936,13987
20230825,59322,14457,38356,14175,16274,4375,14076
20230826,62255,16235,36153,15187,21883,4498,14247
20230827,64492,14767,34134,13822,28768,4355,18787
20230828,56044,13070,32064,13253,36390,3985,12704
20230829,52861,17501,30458,12265,25772,4208,10247
20230830,49257,17405,32205,11362,16630,4080,9499
20230831,59247,14665,28215,11480,13712,3922,9491
20230901,68291,13704,29735,11474,14416,4173,9698
20230902,63778,16743,26621,12122,17339,4068,11246
20230903,59560,16189,27451,13052,17359,4060,14755
20230904,57505,15129,37107,12007,16118,3869,11788
20230905,47388,13131,28832,12289,16723,3528,9142
20230906,43696,13128,25863,12568,12206,3613,7893
20230907,42640,12282,22761,20886,13027,3783,8162
20230908,48012,11816,20208,25420,13001,4183,8707
20230909,42938,11569,21772,23738,13943,3687,9875
20230910,42064,11675,22276,17166,13491,3831,13376
20230911,37766,10223,20821,12699,12057,3827,9422
20230912,44239,10515,20004,11313,10595,3407,8855
20230913,99544,13142,55756,13037,11167,4097,8296
20230914,87062,17456,56284,13056,12969,4591,8079
20230915,85982,14185,56104,12756,13702,3882,8987
20230916,81014,14112,40217,23721,15475,26765,12303
20230917,77107,13659,34102,14418,13063,6213,15693
20230918,66094,12643,29134,12157,11631,4225,9707
20230919,316138,13174,35401,31836,11947,3518,8855
20230920,351712,11971,30592,35936,11949,3577,8673
20230921,114336,11283,26662,19228,12922,3838,8576
20230922,85425,11451,23175,16417,12124,3760,13557
20230923,71813,11898,25400,14298,12153,4817,11287
20230924,195390,12474,24502,15392,12477,5007,15479
20230925,344305,11934,23160,13634,10721,3934,9924
20230926,261528,12733,26910,12157,12821,3873,9669
20230927,173706,10589,26034,11395,10240,3806,10316
20230928,136895,10938,22560,13078,12638,3791,10621
20230929,119860,11327,20527,12458,12597,4099,23088
20230930,102001,12969,22349,12052,12834,4279,16611
20231001,121711,12339,21884,13347,12874,4501,15080
20231002,300487,11731,20406,13332,12337,4016,14106
20231003,130867,10946,22519,12326,10752,3751,13541
20231004,90016,11172,24795,12399,10286,5707,14348
20231005,79295,11318,24247,14764,11630,4606,13044
20231006,84166,11623,24592,15677,10939,4746,14468
20231007,78721,13399,24774,16913,11305,5038,14069
20231008,88794,12162,23974,16650,13797,6194,12484
20231009,67200,12485,22597,16368,9855,4239,10773
20231010,55688,14757,20076,14128,10718,3750,9721
20231011,49870,15122,20868,13085,19274,4348,9002
20231012,77224,14701,20158,12138,14681,3997,9464
20231013,130088,13316,18355,12569,13161,4107,10143
20231014,126840,12175,19122,13337,12250,5009,10735
20231015,152248,12316,19840,13088,11809,5504,10181
20231016,132559,13728,16558,11671,10936,4905,9434
20231017,101205,15585,15320,11624,10398,10045,10297
20231018,80386,13306,17196,11231,11373,5315,9914
20231019,84488,14615,15596,11327,15756,4106,9385
20231020,88065,17043,15704,11212,15724,3707,20321
20231021,98253,18951,17288,12121,16275,4085,17635
20231022,149562,18260,18075,12791,12078,4288,13536
20231023,141946,16282,15980,11763,10325,3675,11302
20231024,109057,13866,14441,11462,10149,3643,11388
20231025,84877,15032,14337,11063,9888,3437,11381
20231026,78655,15524,13196,10854,10995,3599,14519
20231027,192779,13417,13079,11431,10386,3680,15178
20231028,155444,14405,19532,13015,11158,3889,11919
20231029,125839,15869,20782,12537,11593,3865,14168
20231030,97584,14635,15909,12627,11457,3395,10952
20231031,79802,13109,16485,11282,15292,3565,10024
20231101,71096,12516,14763,10591,16612,4718,9735
20231102,72671,14232,14072,10154,12896,4557,10922
20231103,80868,17341,16813,10591,11274,3987,10101
20231104,86682,15968,18251,10471,10477,4832,10579
20231105,90419,14546,21250,10742,10316,4940,9246
20231106,77030,12650,15897,11202,9973,4219,9038
20231107,64506,16718,14880,10421,14367,3929,8493
20231108,64014,17166,14268,10938,10004,4094,7932
20231109,67103,13505,13394,11129,11004,4417,8299
20231110,80747,13905,13265,11408,12690,4652,9590
20231111,89051,13811,14914,12670,15245,4852,10195
20231112,155555,13512,14928,16771,11769,16653,10160
20231113,142811,14093,14312,27472,14468,8347,8501
20231114,103561,12358,12996,24709,26485,5826,8919
20231115,88783,11568,14061,26451,22317,5030,8760
20231116,88825,11708,13072,23233,15641,4813,8423
20231117,77827,11911,13041,15423,14772,5038,9979
20231118,90924,13870,15891,15313,14043,5312,10719
20231119,96543,16137,15404,18643,16851,5718,10711
20231120,93837,21851,14787,18854,12881,5039,9586
20231121,125311,14085,11822,17743,10985,4293,8344
20231122,80697,13192,12554,14346,11042,4297,9549
20231123,69541,13159,11551,12764,9757,4017,9872
20231124,61514,17026,12354,12144,9484,4319,9005
20231125,58537,18837,12930,11972,15098,4511,9889
20231126,60407,58607,14555,12239,18113,4621,11361
20231127,64537,25045,13225,11670,15614,4171,8053
20231128,54237,15618,12637,11224,11944,4104,7464
20231129,58180,14555,12332,11421,12919,5040,7413
20231130,62549,15466,13267,11324,12257,4924,7633
20231201,60540,14979,27105,11449,11838,5194,7546
20231202,57040,14921,21591,11576,15907,5533,8021
20231203,59706,13236,23367,11688,72318,5062,8429
20231204,71942,12800,17936,11131,100534,4332,7217
20231205,51839,13278,18037,10829,50179,6009,7295
20231206,107491,13239,19974,11149,27204,5239,7739
20231207,118807,13574,18787,11074,22367,4669,7350
20231208,103621,15609,45253,11714,19377,4562,8874
20231209,78569,15410,29784,12468,15494,5219,8179
20231210,82744,15447,29723,14680,15905,5774,9214
20231211,73765,13676,21789,14764,16257,9257,11661
20231212,77139,11985,19803,12290,16112,9407,9407
20231213,129673,12589,20198,12035,14382,6486,9174
20231214,102439,12676,19985,11171,12716,5660,7939
20231215,73131,14516,36658,11567,20781,5106,7883
20231216,68467,15083,27447,12196,16079,5341,12241
20231217,82233,15879,30414,12119,56596,13259,8943
20231218,75769,15483,22001,11621,66950,5461,7706
20231219,59989,15805,19611,13609,28492,4378,7159
20231220,53050,15558,22681,18214,19037,4615,8571
20231221,49987,14755,19480,16165,19627,4718,7223
20231222,51643,14476,22154,13073,19137,4641,7731
20231223,55453,14803,18299,12323,16964,4902,8470
20231224,56100,16950,18753,11899,15419,4440,9223
20231225,83104,17691,24386,11473,13683,5793,9481
20231226,72344,16000,18840,10961,13694,5108,8741
20231227,61565,14056,20408,11419,17278,5381,7929
20231228,62417,14335,20105,12081,16914,5671,8168
20231229,61747,17830,18734,12695,14373,4963,8669
20231230,65596,13982,20741,13778,14233,6695,9640
20231231,72012,15556,20953,16468,16853,5831,10113
